heat_no,charge_mass_t,scrap_frac,dri_frac,pig_frac,returns_frac,charge_C_pct,charge_Si_pct,charge_Mn_pct,charge_Cu_pct,energy_kWh,power_on_min,avg_power_kW,O2_Nm3,flux_CaO_kg,hot_heel_t,lining_age_heats,tap_target_C,meas_T_C,meas_C_pct,meas_energy_kWh,true_T_C,true_C_pct,true_Cu_pct,SEC_kWh_per_t,tap_to_tap_min,B2,pct_FeO,phys_T_C,phys_C_pct,phys_SEC
1,12.238611307580413,1.0,0.0,0.0,0.0,0.3850672932223496,0.25195458551205874,0.29356593457373237,0.17247908216888252,6828.697569008309,120.0,3414.3487845041545,0.0,112.59522402973981,0.6152704277897774,1,1619.7089943275935,1578.2486516495355,0.3472999450334657,6828.697569008309,1577.7954157055224,0.35342048809548726,0.22138229006479743,653.6517978169647,120.0,2.418789946501593,1.0404662483684317,1623.3244522824011,0.38207207198540954,589.1987341560178
2,11.584706058225898,1.0,0.0,0.0,0.0,0.23645370808819782,0.28624561435737483,0.3319337581917823,0.16734695421258733,6472.635065068442,120.0,3236.3175325342213,0.0,106.57929573567827,0.5860407221751545,2,1619.6008960791034,1567.6152963686418,0.2821942784159271,6472.635065068442,1564.9463061253045,0.2764401880493025,0.164698134320441,680.5030948032328,120.0,2.3693881514519384,0.8546390332689304,1607.2379297559673,0.2358795417720188,606.4138593794754
3,12.0124767175568,1.0,0.0,0.0,0.0,0.33223533708438385,0.17321050324827023,0.24085008164370017,0.27493272743737296,7260.985561935632,120.0,3630.492780967816,0.0,110.51478580152256,0.7244233368831651,3,1618.8162946322057,1635.360876319161,0.30753017620664164,7260.985561935632,1639.817144891765,0.30757626207879585,0.25355788699406456,613.8202963883961,120.0,2.3980235758669095,1.4051063494848428,1721.998015954086,0.3290112871616571,604.4747842708749
4,11.629909644174571,1.0,0.0,0.0,0.0,0.3259658879616496,0.16517250847263057,0.38872878995348137,0.25346291635826385,7346.110932876208,112.5,3917.925830867311,0.0,106.99516872640606,0.25377646376517043,4,1623.1194458222035,1683.1492173884378,0.40372191924785844,7346.110932876208,1687.2839207167326,0.4040386445223218,0.19967083890621176,631.5964363030588,112.5,2.4817834718317564,1.4548115225781648,1775.5801800402887,0.32149486308483555,631.7070037334043
5,12.178105757104555,1.0,0.0,0.0,0.0,0.3896430142714091,0.1254772102058807,0.47122331013593105,0.14784430161407003,7379.719360443139,120.0,3689.8596802215693,0.0,112.03857296536191,0.4090066622327563,5,1619.040798204176,1640.702028069929,0.37506187093140814,7379.719360443139,1644.602637361044,0.37066752389238045,0.16454254710325683,613.1675589797826,120.0,2.506832053984304,1.7488879456488855,1726.0785298754786,0.3831490304239148,606.0482347180247
6,12.243060345041549,1.0,0.0,0.0,0.0,0.2598734557857316,0.1826098567944066,0.23662386424597878,0.2329796754046194,6982.776495826686,120.0,3491.388247913343,0.0,112.63615517438225,0.741785870296758,6,1618.7488689104923,1589.0499853029626,0.2704162059766113,6982.776495826686,1591.5781955187022,0.2774602838739209,0.257926937246282,629.7736317886164,120.0,2.4644615253087143,1.3130177779097199,1647.944948918509,0.2588062497356684,582.5840549040447
7,12.00297682067031,1.0,0.0,0.0,0.0,0.3689053933253796,0.17415227488389384,0.3659286263464778,0.12866827578014514,6005.306227017013,120.0,3002.6531135085065,0.0,110.42738675016686,0.897838170333627,7,1625.697179590412,1519.9152248806395,0.3513473470807147,6005.306227017013,1516.049436343756,0.35191018067720803,0.13347435293274357,948.8971752481442,120.0,2.477004051252071,1.0084958794380552,1549.9600584528253,0.36445333225506044,716.2642219654485
8,12.30080763539003,1.0,0.0,0.0,0.0,0.500478869003405,0.23745327909615024,0.25001251192600205,0.25132868722240687,7509.920437490801,114.0,3952.589703942527,0.0,113.16743024558828,0.9545950127080902,8,1614.8369063557964,1681.2593655852083,0.4213622794464736,7509.920437490801,1687.3133432142968,0.4220288988499949,0.2517069670848371,613.4734651986514,114.0,2.486711584245024,1.3621178226714525,1763.741696812784,0.4929574410727709,610.4625420708023
9,11.492395850522922,1.0,0.0,0.0,0.0,0.41241068516595714,0.2251354427814137,0.47548258741103483,0.13855340401675037,6060.967760796113,120.0,3030.4838803980565,0.0,105.73004182481088,0.3412177327712982,9,1626.9274184819178,1530.5020326821236,0.3810394927992412,6060.967760796113,1530.5879229502975,0.3898411554891695,0.14000916192083412,827.3933041218205,120.0,2.4599420658367364,0.9556232533576515,1563.778763261364,0.4071098039492752,678.8147385388268
10,11.60645546845257,1.0,0.0,0.0,0.0,0.05700248678519676,0.18906027862850497,0.5008227688644359,0.12559255543676368,7078.139981925241,120.0,3539.0699909626205,0.0,106.77939030976366,0.3234108557962332,10,1630.3318298631389,1622.8850536356845,0.05551600549343004,7078.139981925241,1617.0434265666463,0.05737034053986637,0.14355750228055075,626.4571546329453,120.0,2.4837801630334813,1.6916919753086306,1708.2737686605778,0.05700730641684961,609.9527851318801
11,12.047232950817802,1.0,0.0,0.0,0.0,0.11470313576937255,0.27814521651336316,0.32209904782724136,0.21845475255827607,6517.76871644852,120.0,3258.88435822426,0.0,110.8345431475238,0.889028011380436,11,1620.3258216702823,1557.7215411824911,0.11698607464719804,6517.76871644852,1551.674223136236,0.11476332303996573,0.18381302954101536,696.6243759567682,120.0,2.433716157214406,1.0768884644435652,1597.256553983213,0.11469809503817863,606.0199006775794
12,11.802980095075144,1.0,0.0,0.0,0.0,0.2848643735689205,0.3077763731809742,0.3956710365129342,0.11977380876559357,6211.318731235742,120.0,3105.6593656178707,0.0,108.58741687469133,0.8872040563771229,12,1621.1485935547566,1532.9808411022152,0.2880739970718984,6211.318731235742,1532.9889572126513,0.29204846246125726,0.13322794339393057,791.1360440787537,120.0,2.3878183356472023,0.6679975861817322,1573.803607992017,0.28397847376368274,644.1411507572254
13,11.608507052455412,1.0,0.0,0.0,0.0,0.3865436416577216,0.21429484632383722,0.28409661560950394,0.12407819831494786,7077.926868541702,120.0,3538.963434270851,0.0,106.7982648825898,0.2717140762233183,13,1618.7681314373779,1627.1171007502362,0.3270238942751441,7077.926868541702,1626.2592849684638,0.3258369367629623,0.1334063995373036,625.9037490948026,120.0,2.415591882273456,1.4028168078753245,1706.1843502794454,0.3815938665545178,609.7202112052084
14,12.003392247119187,1.0,0.0,0.0,0.0,0.30627004875536185,0.23700759465965002,0.42335734097360767,0.1942870472009558,6754.222895269483,120.0,3377.1114476347416,0.0,110.43120867349653,0.9182052296217184,14,1618.9392408389185,1581.1746324350208,0.3670249598596547,6754.222895269483,1585.7807090731308,0.366559538916886,0.20334665524849804,638.6908248416552,120.0,2.48007841861415,1.1923829136342752,1629.3032401061082,0.305180306638852,586.8097850587079
15,12.21570560894059,1.0,0.0,0.0,0.0,0.48811582994980585,0.2785428727604375,0.320180881594405,0.16004728500320756,7593.024231780331,106.0,4297.938244403961,0.0,112.38449160225345,0.48577032060189523,15,1622.7829887387363,1690.265193791328,0.4483649198284988,7593.024231780331,1697.8614387473544,0.44297407061304916,0.17649010917024247,619.0953066205036,106.0,2.445264842322937,1.2421377786553793,1789.3679129885336,0.4804152783283457,621.5156517739376
16,11.600675911549542,1.0,0.0,0.0,0.0,0.3009730902480565,0.22613425868572443,0.22084653558350203,0.25826456076621107,7291.62767605563,118.91666666666667,3679.0272787386502,0.0,106.7262183862558,0.7334722126465427,16,1619.7109411049557,1680.5796050022477,0.30906046311839197,7291.62767605563,1677.0481081000294,0.31517794993886145,0.2950761725743532,628.0970492973825,118.91666666666667,2.4089929861317394,1.576976126413145,1769.3752844215046,0.29827501663910405,628.5705612696892
17,12.079022770583611,1.0,0.0,0.0,0.0,0.2571832001411828,0.2908375973728149,0.30679542981530894,0.22458162527743686,7448.087182751511,120.0,3724.0435913757556,0.0,111.12700948936923,0.6462205612313144,17,1619.6446989943515,1670.7457791938643,0.2555727789301,7448.087182751511,1666.323039359213,0.2616705667229475,0.22318632826560086,620.0156812472186,120.0,2.4484966319495673,1.660310933601,1757.4149341348566,0.2566153188699327,616.636660233804
18,12.038149330131406,1.0,0.0,0.0,0.0,0.1936462769032581,0.29698601102558736,0.2744419655255699,0.1576380594857893,6560.620527714216,120.0,3280.310263857108,0.0,110.75097383720895,0.5639001027074658,18,1624.4817723148917,1562.1857978471273,0.2442082913572106,6560.620527714216,1558.9042850089763,0.2480535535378119,0.15452452122790233,691.2776105457593,120.0,2.371147260988141,0.9971044716648139,1598.8516192252605,0.1934423415505318,608.1827562768675
19,12.137194273131374,1.0,0.0,0.0,0.0,0.554227432523397,0.055830626552642884,0.37322939879957817,0.12893199282033452,7503.106236310293,119.91666666666667,3754.1601738314184,0.0,111.66218731280864,0.7764110792775788,19,1619.1780658384932,1675.2404274024373,0.47082822043132216,7503.106236310293,1678.3056512071407,0.47108814895037004,0.1351227903094447,619.1681555017612,119.91666666666667,2.4353425351382474,1.2739000790739603,1764.1451323285764,0.5374726964615506,618.1876704462571
20,11.806005996385444,1.0,0.0,0.0,0.0,0.3220211488283562,0.161819711186386,0.39827662213991927,0.15856372094809185,6450.154820175261,120.0,3225.0774100876306,0.0,108.6152551667461,0.7010763605155174,20,1614.1407631883337,1547.3139315443025,0.341418600619823,6450.154820175261,1548.3927330232177,0.34362904783388243,0.1888180861571499,709.9468932369414,120.0,2.417329640936934,1.0614303655550168,1596.4553747174714,0.3195042213269575,612.5491203487087
21,11.855374104147469,1.0,0.0,0.0,0.0,0.3882775101439349,0.21066289882840025,0.3281302580236697,0.10260752412335397,6897.518663680894,120.0,3448.759331840447,0.0,109.06944175815673,0.8181479627358744,21,1604.8048821115983,1586.0770460364486,0.36493975037312015,6897.518663680894,1584.5682164240197,0.3709084375054383,0.10007733014601722,628.6214890963455,120.0,2.362890957556385,1.1931425352210439,1659.2505805961378,0.38545838519397513,588.0626308880722
22,12.039346155694828,1.0,0.0,0.0,0.0,0.4882443752397931,0.20713993547650852,0.3765961196078767,0.19249468760529737,7478.237673639488,106.0,4232.964720928012,0.0,110.76198463239243,0.7420482855761931,22,1610.1632440107412,1697.2062261346432,0.45911437046287695,7478.237673639488,1694.8835390110544,0.45933493179416096,0.19379989806248052,620.208293134421,106.0,2.5068896152235842,1.2203595953878783,1785.7238847776935,0.48017787742977963,621.1090352217834
23,11.635656817170393,1.0,0.0,0.0,0.0,0.3459411032540588,0.12305570690288747,0.2766657053829742,0.305643504314112,7378.288103787662,115.91666666666667,3819.0995217304935,0.0,107.04804271796762,0.32315936339283163,23,1619.0443961656094,1677.2598398309203,0.31710715990867455,7378.288103787662,1677.4534425882398,0.3163132391335238,0.25347504975489554,629.0205228611626,115.91666666666667,2.3957557766746085,1.6974797624894555,1779.5818772032685,0.3390543912095838,634.1346584282986
24,11.763131149151315,1.0,0.0,0.0,0.0,0.44412431957803566,0.1324044674180525,0.37687858348098036,0.2477267805285933,6263.158507267275,120.0,3131.5792536336376,0.0,108.22080657219212,0.4319539602713442,24,1624.052706392213,1538.7047079864217,0.4688642202467145,6263.158507267275,1537.6643570099054,0.47255610511816687,0.2626520875911648,785.2755548803522,120.0,2.5183912800688955,1.1134618249398016,1575.0876492722423,0.4361356093532634,648.3550595922078
25,11.472104197187551,1.0,0.0,0.0,0.0,0.42596790877262763,0.16071787021598316,0.3192821727225452,0.2567369941884103,6107.023783278291,120.0,3053.5118916391457,0.0,105.54335861412547,0.48343773992479355,25,1622.9922942028836,1528.3188242077324,0.4237645349778452,6107.023783278291,1531.8790653762157,0.4252113910805573,0.31984815755853546,807.1824044195903,120.0,2.490273276428419,0.9911410031321108,1569.787130362909,0.4189282253678313,662.7254101439473
26,11.948277942675418,1.0,0.0,0.0,0.0,0.38742148797073783,0.17329248525153654,0.3493057083145164,0.09967747824423012,7429.827111554684,112.58333333333333,3959.641391798203,0.0,109.92415707261385,0.6828434997902245,26,1624.1057390288834,1682.7019686567326,0.34768012956486644,7429.827111554684,1690.8110121457048,0.3451292903908776,0.10426439392074584,622.4838443313633,112.58333333333333,2.4813427464122317,1.738103057824848,1774.2792702524466,0.3813604914389973,621.8362486353199
27,11.442502804108837,1.0,0.0,0.0,0.0,0.47150271023341334,0.20558828345263672,0.24340374285125096,0.14121499168653912,6181.313304009336,120.0,3090.656652004668,0.0,105.2710257978013,0.7406740873498467,27,1619.3430531289382,1541.3137381300987,0.4090067631354203,6181.313304009336,1542.5682630868691,0.40929893535918555,0.17986897681631173,746.2879625768084,120.0,2.4061069217129645,0.8342470701736063,1580.3892376713966,0.46516240774966394,637.678278175874
28,11.450296086737,1.0,0.0,0.0,0.0,0.1969108810174152,0.2105960884295629,0.5031343969420534,0.21080603257364175,7223.582092115523,120.0,3611.7910460577614,0.0,105.34272399798041,0.7478284814112464,28,1618.7570473031806,1679.13061507938,0.19962077736290346,7223.582092115523,1675.457511715641,0.19854142684661502,0.2423840108064931,630.6384308953677,120.0,2.4576455444761893,1.7259604327461955,1767.0697115971698,0.19684518765833378,630.9952250935172
29,12.333751725407748,1.0,0.0,0.0,0.0,0.33738586419130845,0.1824725244221829,0.33616846325643907,0.17013771399507055,7549.828259874625,111.91666666666667,4047.5624326952566,0.0,113.4705158737513,0.9261714431454449,29,1629.5213966938713,1686.6241763661913,0.282325042225858,7549.828259874625,1687.4227953539653,0.28845836858804946,0.15978687302181552,614.440858683012,111.91666666666667,2.4852599145625995,1.636042544443979,1772.2265954696304,0.3338208306753795,612.1330147303902
30,12.307908844761013,1.0,0.0,0.0,0.0,0.24149248109803742,0.2826328317202131,0.31359824880577314,0.15952371870357074,7416.919784787539,120.0,3708.4598923937697,0.0,113.23276137180132,0.2912325557147866,30,1618.312276237676,1640.3407541644474,0.2373216141818322,7416.919784787539,1640.6994558161532,0.24019478252572976,0.1931953840660204,612.9081055331109,120.0,2.375874682716172,1.5503793048069228,1721.3854048334183,0.24087211132022676,602.631282451132
31,11.43271350517689,1.0,0.0,0.0,0.0,0.3445888004910337,0.16626721082186657,0.3456876687938837,0.13157711791866106,7140.443962380664,120.0,3570.221981190332,0.0,105.1809642476274,0.28355137702256894,31,1624.790625843037,1663.2529864514722,0.3949689050243722,7140.443962380664,1661.029524403507,0.39528389647048356,0.13954509973531987,629.6001033709908,120.0,2.4743394592163863,1.618752757364045,1737.4614810576527,0.33979150390904633,624.6187454896104
32,11.928054881778243,1.0,0.0,0.0,0.0,0.2922687462685083,0.19455318301439203,0.3121375414413629,0.2801070347670549,7210.125236925907,120.0,3605.0626184629537,0.0,109.73810491235983,0.7455882156908166,32,1624.8775018298159,1625.5794988369173,0.30066507588749447,7210.125236925907,1629.9839536126165,0.2971934699337963,0.2693674728961013,616.5535086831835,120.0,2.4296084507190687,1.4034051085402743,1718.9093312727014,0.2909659404709229,604.5086564805915
33,12.164093301069263,1.0,0.0,0.0,0.0,0.36038625189997486,0.23255329735718594,0.4851572972626627,0.25157052899817006,7575.41532977459,117.16666666666667,3879.302302587272,0.0,111.90965836983722,0.7109131784169158,33,1633.8769282912792,1700.8668961861092,0.3692457083414558,7575.41532977459,1692.7778750491261,0.3701224310525484,0.2276235806966371,620.5217913478568,117.16666666666667,2.4854222689253223,1.586325262672595,1782.710921406961,0.3559967423189863,622.795638483377
34,11.884948163633618,1.0,0.0,0.0,0.0,0.3909117316984098,0.31420812970254625,0.2587826643030808,0.3152405856429833,7489.561485593416,104.75,4289.963619432983,0.0,109.3415231054293,0.437639783070599,34,1618.868700783024,1702.5060313993479,0.35320773729536037,7489.561485593416,1697.7496426451416,0.3587561889124183,0.2843267716290459,625.9956552233799,104.75,2.420327070516854,1.524152679289945,1798.3569368809722,0.3858582364356078,630.1055340384262
35,11.953016047076998,1.0,0.0,0.0,0.0,0.27243558019790537,0.2727372321826802,0.3568300725750971,0.2407524435766758,7463.284325644331,109.33333333333333,4095.7048128535966,0.0,109.96774763310839,0.27990293130332383,35,1627.2109333916246,1698.4223545367856,0.2595514454582684,7463.284325644331,1696.0669854982275,0.2504679002047387,0.2558473407677184,626.9837497063405,109.33333333333333,2.439841826771486,1.7015122513874812,1776.9912946663449,0.2713419388327795,624.408791554077
36,12.170981453190649,1.0,0.0,0.0,0.0,0.3389183424276409,0.35731219871535114,0.481493428252986,0.25810128708570285,7531.671586534717,106.83333333333333,4229.955961236346,0.0,111.97302936935398,0.5202371350022178,36,1619.8397534712112,1699.395561184351,0.3247360794983147,7531.671586534717,1697.4082670975877,0.3206439755537897,0.2395107059612093,618.3673022566777,106.83333333333333,2.4180414605299982,1.442758177663699,1780.2651340881462,0.33638515955932907,618.8155695844281
37,11.67899509950431,1.0,0.0,0.0,0.0,0.3949921533907756,0.20410082282776962,0.4178539691632492,0.19408525655025588,6691.851619886386,120.0,3345.925809943193,0.0,107.44675491543966,0.3657579991145549,37,1622.6166124041433,1577.1036638884714,0.3492359045107114,6691.851619886386,1576.8589737611164,0.34903805994367565,0.18535392500334405,655.3000936787631,120.0,2.4787887195411944,1.2224542369617242,1629.1083873445377,0.39111795139929856,597.1724490261038
38,11.49058448750076,1.0,0.0,0.0,0.0,0.28753181680185164,0.065618462969119,0.3356867432791668,0.20144693594289562,7311.261391027238,105.66666666666667,4151.50489080411,0.0,105.713377285007,0.28937251658268826,38,1614.1597936951061,1695.5093937378329,0.32782146181168653,7311.261391027238,1693.1760351165035,0.3288057511338676,0.18663696173331956,633.0035400116889,105.66666666666667,2.4455529025427185,1.7144141540179996,1789.5572883151603,0.2815994514795133,636.3745714443663
39,11.646701601556321,1.0,0.0,0.0,0.0,0.6550601233056371,0.1149062280129265,0.28285141007137915,0.17084676879873473,7273.014169154227,101.91666666666667,4281.741783966511,0.0,107.14965473431816,0.5937535203818344,39,1615.8060592385393,1690.0122249555684,0.49976390959467826,7273.014169154227,1698.9343405646546,0.4967646300670386,0.15245496649033047,626.4248748638697,101.91666666666667,2.590940120362266,1.1144832771715127,1775.3148637989211,0.6391926267573381,624.3833892193362
40,11.57803630957788,1.0,0.0,0.0,0.0,0.6095964634103131,0.20656347218808024,0.22365451342459833,0.15831287648170156,6942.807440699677,120.0,3471.4037203498383,0.0,106.51793404811652,0.49009609859641945,40,1614.5290267410312,1606.53216132661,0.5188967010427887,6942.807440699677,1609.095957312752,0.5157263541497814,0.15504427583454042,630.1710416987096,120.0,2.3910007789370304,1.084302996138442,1681.165943218146,0.5975651528542395,600.4633284355402
41,11.45664016073885,1.0,0.0,0.0,0.0,0.5199826951682526,0.33485493166571784,0.25383090770592037,0.2113969820430456,7258.652030413254,111.0,3923.595692115272,0.0,105.40108947879743,0.8266468416824153,41,1620.3550543811489,1690.8596997264644,0.5274508331056909,7258.652030413254,1691.369012649151,0.5286820579692976,0.24705504601750838,631.1714435830773,111.0,2.424136695780868,1.0200456083740321,1786.7386079669755,0.5125843585442232,633.5050642138821
42,11.483631763847221,1.0,0.0,0.0,0.0,0.34231343970107275,0.20256696426343054,0.2201823731097753,0.22590580752270267,7223.367651007124,110.33333333333333,3928.1153389162605,0.0,105.64941222739444,0.8851574365117421,42,1627.7794396654783,1691.2334176301174,0.4688927863927004,7223.367651007124,1690.675756611035,0.46747403368876106,0.20932992744345477,626.1861505252026,110.33333333333333,2.4426534248954432,1.1958461240110587,1778.6864727175875,0.3381795358511463,628.9998772749606
43,11.463287406854807,1.0,0.0,0.0,0.0,0.26808200674225796,0.25117574543254517,0.25808287278845954,0.3026217204677867,7140.2633451511165,119.75,3577.584974605987,0.0,105.46224414306423,0.669621777886316,43,1609.0893915999588,1669.0941249273985,0.2606866784849333,7140.2633451511165,1673.6996681363503,0.2542158158522179,0.3399778471976614,628.8720958118722,119.75,2.3933534554220364,1.5936171317451135,1744.5121950099951,0.26725952865548436,622.9183807715312
44,11.681416186772367,1.0,0.0,0.0,0.0,0.34542625637261376,0.202919410646763,0.30728703195363305,0.21670271003211514,7299.215011703641,107.41666666666667,4077.1410461028872,0.0,107.46902891830578,0.27544303702145967,44,1621.25657428361,1697.1089250611687,0.36466125837745883,7299.215011703641,1699.2311610298484,0.36613641458090446,0.19505551824938966,630.3570358863155,107.41666666666667,2.4862316290423965,1.5711233095562427,1766.432888329759,0.3411247377642917,624.8581129007058
45,11.714150222053707,1.0,0.0,0.0,0.0,0.42133868350756715,0.2722453934124137,0.35208200010259916,0.12858839777878298,7441.844145141703,108.33333333333333,4121.636757309251,0.0,107.77018204289412,0.2988431992459957,45,1621.707639061525,1699.5600819221625,0.3519681767189308,7441.844145141703,1697.000201321137,0.3472393093667699,0.15000999246007968,630.8629150189481,108.33333333333333,2.4336066436000636,1.5675600755654844,1795.9835088491645,0.41470626785915055,635.2458308615263
46,11.733473636105746,1.0,0.0,0.0,0.0,0.5544773218579806,0.2804372884198229,0.23351382275378854,0.18425653317214144,6842.831882365782,120.0,3421.415941182891,0.0,107.94795745217287,0.6672307109775165,46,1632.168208865463,1592.863579109171,0.46567107740577235,6842.831882365782,1594.6693295335613,0.47060293710462536,0.17674144975425862,635.0952677865098,120.0,2.390946324998009,1.0173963920882685,1654.313363474936,0.5471730456214914,591.2491241241693
47,11.74479545001928,1.0,0.0,0.0,0.0,0.3836649394787867,0.24468863745654204,0.36267412838179963,0.2675710082792606,7210.828790396369,120.0,3605.4143951981846,0.0,108.05211814017738,0.6824584541803541,47,1628.388305644179,1631.2133410158901,0.29019125663791223,7210.828790396369,1629.5396191942154,0.2859505835768813,0.24624523079159624,616.8272306751559,120.0,2.3973675958568923,1.5014529936780212,1734.028906482586,0.3792709481336243,613.9671316012608
48,11.829104895790685,1.0,0.0,0.0,0.0,0.21364260227975607,0.14566098847219136,0.2373772526191453,0.27283802595172557,7374.183942768555,111.16666666666667,3980.069294447796,0.0,108.82776504127432,0.8908099851639908,48,1610.460963591695,1686.3753818171663,0.21357330816912667,7374.183942768555,1681.9474253665044,0.21598582513971915,0.27357230627382845,620.6912429348589,111.16666666666667,2.4298278100956114,1.5390404693308974,1780.423063541563,0.2133507797590085,623.4387328163715
49,11.416836658409363,1.0,0.0,0.0,0.0,0.11770162414176986,0.17003084965989157,0.29621324687060757,0.23400300559097606,7134.426226946757,102.83333333333333,4162.71222317801,0.0,105.03489725736614,0.653226498693266,49,1622.4959139925859,1689.43350011534,0.11412154665261465,7134.426226946757,1687.8861621120063,0.1171674989263297,0.2152194627913886,628.2689115941962,102.83333333333333,2.4288977834538823,1.5398324172565876,1768.2772436495138,0.11770295907587984,624.9441880468457
50,11.528637056570124,1.0,0.0,0.0,0.0,0.35498741138599643,0.11609890084920912,0.22844041037852017,0.11447638761613484,7318.463000702341,115.91666666666667,3788.1332570134327,0.0,106.06346092044514,0.3836078506168295,50,1623.2082758268937,1683.5417960521795,0.28323038696046915,7318.463000702341,1681.232728962079,0.2858032752948851,0.11906680959841745,632.3861592697575,115.91666666666667,2.422181437166849,1.8021274065697603,1776.9114147653386,0.34737361800701033,634.8063045480635
51,11.844271138861568,1.0,0.0,0.0,0.0,0.24895667070494004,0.17405229224714625,0.4272165496082366,0.18630508174878524,7083.487960873137,120.0,3541.7439804365686,0.0,108.96729447752642,0.7543102524552412,51,1614.5302631550333,1616.9900503602466,0.1958544228206066,7083.487960873137,1611.120039066599,0.18949494618801063,0.1830154910224579,620.9279205670468,120.0,2.465715876452675,1.5943788648935229,1697.3939581102613,0.2482788047295747,598.1310958433728
52,11.887579611571004,1.0,0.0,0.0,0.0,0.2794269876642696,0.20823388204999702,0.19898815640083936,0.15586423160792856,7467.665912393272,110.58333333333333,4051.785574169673,0.0,109.36573242645325,0.5523295046476584,52,1614.616068590181,1687.5526060403356,0.2363804059205731,7467.665912393272,1692.1508018132972,0.2413238040019401,0.14051055279645966,623.6663337227034,110.58333333333333,2.4304250654505606,1.9251638822673385,1788.8147473755357,0.2772415469099336,628.1823145218706
53,11.735176238604478,1.0,0.0,0.0,0.0,0.37438094972566743,0.1404585342973983,0.3848427015079862,0.19247009100579332,7314.084995221611,114.75,3824.3581674361367,0.0,107.9636213951612,0.47259010646228317,53,1625.1092196922184,1680.081731125286,0.3948783312745273,7314.084995221611,1681.4794068360825,0.3890183057159828,0.217463284128333,628.0832709971465,114.75,2.4953425048244537,1.5523118312449258,1759.982591191183,0.367922504920158,623.2898050061034
54,11.49830298704074,1.0,0.0,0.0,0.0,0.2671477993165308,0.056168883983730315,0.5770847292667797,0.26938051853335865,6425.504409036077,120.0,3212.752204518039,0.0,105.78438748077481,0.533991420041622,54,1613.7327062538745,1561.0369791838632,0.2879400479091929,6425.504409036077,1562.4299762806118,0.2899969824477798,0.2097830874759919,688.3816561618931,120.0,2.433405849468571,0.9898138548976687,1603.9360541809792,0.26494839780011586,611.9381219966617
55,12.170906159700417,1.0,0.0,0.0,0.0,0.4002730580873216,0.166299409257121,0.24724699482762402,0.24828309142629776,6726.182720016827,120.0,3363.091360008413,0.0,111.97233666924383,0.24545590186238075,55,1624.781314752216,1561.2224737156391,0.40253438306183786,6726.182720016827,1555.263929907986,0.40352833316361775,0.261634482704941,690.6588860910106,120.0,2.4881616134254587,1.1667825298669037,1608.8382865016715,0.39479710339266855,602.3115617561633
56,11.627225283079444,1.0,0.0,0.0,0.0,0.21998378014660688,0.26855408973367373,0.47730805848751656,0.2285885035704714,6473.243315133069,120.0,3236.6216575665344,0.0,106.9704726043309,0.30467664437672903,56,1609.673625371539,1565.8082168498554,0.2512278999774904,6473.243315133069,1562.7710997927752,0.23927490962387715,0.27673746711394304,689.6639316415005,120.0,2.424601471825157,0.9906699111595968,1602.377261585163,0.21946582206277748,613.1049482046619
57,12.20860115485453,1.0,0.0,0.0,0.0,0.363014318886093,0.25378000065312484,0.41083685765293965,0.3140544752764204,6539.64601792238,120.0,3269.82300896119,0.0,112.31913062466168,0.5252100980825695,57,1628.8852971412307,1540.0673594848663,0.3885452635894798,6539.64601792238,1539.5905718029935,0.3822063399191135,0.28974145620137937,740.5456291813987,120.0,2.404195533628344,0.8605401016688239,1589.5178443204422,0.3601361967465961,618.3247384362629
58,12.220681074653914,1.0,0.0,0.0,0.0,0.42136972213313373,0.2545624264412545,0.40224785815596376,0.1897914550435784,7656.017388585795,115.91666666666667,3962.8558733154364,0.0,112.43026588681602,0.5225271330053118,58,1627.5155551984253,1690.5568977947376,0.342647615193078,7656.017388585795,1687.8852478247381,0.34256285657980556,0.19305638895678195,619.7342787722514,115.91666666666667,2.457105395695914,1.6361317347764144,1792.28893462192,0.41481688814179646,626.4590364960417
59,12.178796776424452,1.0,0.0,0.0,0.0,0.3000455107781872,0.21135209034148583,0.36676443756132776,0.16323160712487922,7123.425329273912,120.0,3561.712664636956,0.0,112.04493034310495,0.25810110941140524,59,1618.1684616891268,1615.7763254862614,0.32064747849045927,7123.425329273912,1614.8668907462225,0.3163338020644806,0.1895676426022064,620.2891215135899,120.0,2.3909038505038986,1.2051700094378315,1668.38067507896,0.29834977144961466,589.0848914007775
60,12.105250988013024,1.0,0.0,0.0,0.0,0.2609842469580324,0.18396165638016548,0.2908583156780607,0.12892149439965603,6326.906922499505,120.0,3163.4534612497523,0.0,111.36830908971983,0.4222009916049994,60,1613.7232151996714,1522.465044642045,0.2529412870350645,6326.906922499505,1525.812187751017,0.2550351397933211,0.14523194913205068,841.0868276186075,120.0,2.451886972218757,1.209722607881199,1571.1732627557099,0.2592635674451252,653.3220583306141
61,11.560528312712721,1.0,0.0,0.0,0.0,0.32427206289609367,0.15395113811798716,0.33161731175317766,0.23990217175989104,7272.63065244165,108.16666666666667,4034.124861138666,0.0,106.35686047695704,0.49924624308166377,61,1621.7437997753964,1692.0214537791992,0.30011439172734566,7272.63065244165,1691.4391225339177,0.3016210109629806,0.32305891661105307,630.1218164487552,108.16666666666667,2.424253916762251,1.5519580460543567,1775.9747591531154,0.31995967344061177,629.1159738023457
62,12.20514627480538,1.0,0.0,0.0,0.0,0.2913900474044725,0.2765432748141145,0.25499400371046227,0.12854194249131498,6614.884265799906,120.0,3307.4421328999524,0.0,112.2873457282095,0.6009308158378112,62,1623.5398930743565,1556.4476820987843,0.3395862982717095,6614.884265799906,1554.1907413879685,0.3435642624247915,0.17257082396646342,696.0331814818261,120.0,2.3959384953305674,0.7997695236098091,1598.7452993010547,0.2900078201385609,606.5382164987441
63,11.833571558005211,1.0,0.0,0.0,0.0,0.3967788898878126,0.1121791566874729,0.5161663958592478,0.22472345684359613,6386.153455938339,120.0,3193.0767279691695,0.0,108.86885833364795,0.9019226036256826,63,1606.761046827456,1541.8578060531765,0.3925884709596613,6386.153455938339,1542.270777731715,0.3899954309288975,0.2202127978732714,719.5723865905127,120.0,2.428761331047519,1.2069024575275902,1590.2476872153256,0.39209831626959957,617.4372381555589
64,11.413143290998846,1.0,0.0,0.0,0.0,0.1258821608256256,0.330324374443956,0.2674253452427182,0.2118978686584104,6598.812092539257,120.0,3299.406046269629,0.0,105.0009182771894,0.8084350546177398,64,1626.9390686084935,1581.9877297989879,0.1352874606231806,6598.812092539257,1585.4578308622831,0.13596144625786835,0.24151562374668922,643.2800505394288,120.0,2.426887711909817,1.2270023577897058,1636.9842239636769,0.1258812161732036,594.9527889774965
65,12.349869445040461,1.0,0.0,0.0,0.0,0.45781234173987545,0.20934615848221846,0.500855578320985,0.2520364209562567,7413.610760864641,120.0,3706.8053804323204,0.0,113.61879889437226,0.8653979122878932,65,1610.6187960358238,1630.937275867345,0.4388390452367286,7413.610760864641,1629.309313741524,0.435251315958035,0.24789635906028457,607.4760429428217,120.0,2.5256239272559187,1.6024845175694165,1728.502372243595,0.45165817018967824,600.3172793171103
66,11.727803002181872,1.0,0.0,0.0,0.0,0.252733490227126,0.14033413960533836,0.4060381839263062,0.2851228152932736,6454.645574118908,120.0,3227.3227870594537,0.0,107.89578762007324,0.9206698396099192,66,1621.1993420916472,1561.2434835531583,0.2978327907742256,6454.645574118908,1555.5981749057055,0.29965546611600913,0.2610441146820253,694.4393270340028,120.0,2.411310852848104,0.9775138623898483,1602.8761844008936,0.25171813341296634,604.6144254154211
67,12.201220877983957,1.0,0.0,0.0,0.0,0.49074892378678914,0.14951609752865683,0.3644891761801623,0.19101968537341343,7562.898321097443,111.83333333333333,4057.590753494902,0.0,112.25123207745241,0.6876900016082939,67,1618.3604066908651,1691.4071698645107,0.4406114709058491,7562.898321097443,1690.1782742430078,0.44552356061152565,0.20657750543754239,618.0260601811905,111.83333333333333,2.5184719433835063,1.289905838040135,1780.8562463072458,0.48076936362092293,619.8142687094879
68,11.659331607321306,1.0,0.0,0.0,0.0,0.2811169010309857,0.12002160923478339,0.28662235504123623,0.20412237803104147,6914.170484266632,120.0,3457.085242133316,0.0,107.26585078735602,0.309021586606234,68,1625.9411675733581,1591.772302018712,0.2966083931960412,6914.170484266632,1593.8202207143559,0.289665652651666,0.20383239879607182,634.8175526352084,120.0,2.4868364833874606,1.5986785427906822,1666.8118888964332,0.2788650729577227,596.7642361630457
69,12.182957667952373,1.0,0.0,0.0,0.0,0.3802252796982221,0.18053663809533305,0.5342680848972164,0.14402437869499135,7334.746903443789,120.0,3667.3734517218945,0.0,112.08321054516183,0.5274450802230497,69,1623.2414605184613,1623.3593006389108,0.33485631074905653,7334.746903443789,1625.1150398148948,0.3402105585275153,0.1571559301327022,613.4476148185686,120.0,2.497703888424599,1.6064550776100537,1718.3768753104514,0.3757892409351605,602.1145845861267
70,11.659231866835864,1.0,0.0,0.0,0.0,0.4480635453633829,0.2989997122061239,0.2980957746826037,0.41932989859448844,7144.956864209783,120.0,3572.4784321048915,0.0,107.26493317488996,0.7547735501025352,70,1633.1445849767952,1642.5878871511404,0.4398382286775439,7144.956864209783,1641.296075518846,0.44018561070901935,0.44569200282885063,617.9661915973037,120.0,2.397550096169218,1.2494214898006692,1728.2863953653705,0.4425079554835446,612.7953827242702
71,12.275741656282307,1.0,0.0,0.0,0.0,0.5298239945268386,0.2518317010290561,0.4488389286021686,0.39631446853942803,7450.999989819564,120.0,3725.499994909782,0.0,112.93682323779724,0.5258605081913558,71,1608.415655348586,1642.9986458066778,0.4701786436875048,7450.999989819564,1643.4625158709637,0.4718513307838812,0.389894023800623,611.8659999663003,120.0,2.488782335669815,1.3845713518744518,1735.6121820534263,0.5210540560321447,606.9438986792533
72,12.197802260251667,1.0,0.0,0.0,0.0,0.34847222111261533,0.15471006320507238,0.4536901472859206,0.42795132433230837,7509.493077438514,120.0,3754.746538719257,0.0,112.21978079431534,0.7585248205352676,72,1620.1870035164955,1658.0220377028118,0.3303183998792893,7509.493077438514,1663.1427533417777,0.3351599584794554,0.4722478582854227,613.6195696537266,120.0,2.502558866639245,1.8678628468174872,1761.9753018360261,0.343732668871971,615.6960560943978
73,12.151400047024646,1.0,0.0,0.0,0.0,0.34373489600108964,0.27981557380278094,0.43893592433219164,0.3745581487326294,6253.454351196207,120.0,3126.7271755981037,0.0,111.79288043262676,0.8394750145410814,73,1615.9674810797726,1527.6588390163213,0.3363957405984939,6253.454351196207,1527.2094421702209,0.34141980176886516,0.40039237146646484,811.3660953443234,120.0,2.437976925692066,0.846684742259959,1566.5321568670875,0.34168015626129544,658.8448036027338
74,11.786211339521927,1.0,0.0,0.0,0.0,0.3068498502230939,0.20828522340200928,0.3028788976673937,0.363749493688916,7241.856522872729,120.0,3620.9282614363647,0.0,108.43314432360174,0.4643784196587853,74,1627.4839136042142,1636.3313941619315,0.3788230908488305,7241.856522872729,1638.7624409756177,0.3795806394752741,0.4195266553694187,619.7983831680962,120.0,2.4178036668672784,1.4614822044798743,1732.7075466647716,0.30462666822740736,614.4732303618789
75,12.035392917791295,1.0,0.0,0.0,0.0,0.21637306061259828,0.26062829441985114,0.5714016269540495,0.4767511152245504,7467.33780431721,120.0,3733.668902158605,0.0,110.72561484367992,0.31724620563801215,75,1624.816954920641,1643.8952739619558,0.21420687428581636,7467.33780431721,1641.7800071531628,0.21227006803891957,0.4710170520951055,618.8373563901592,120.0,2.4254209054537115,1.5647821372890272,1758.6213713656402,0.21606009133471,620.5427554048464
76,12.241832438453223,1.0,0.0,0.0,0.0,0.49471101876430273,0.14847633903800142,0.28255507915560885,0.48748850999421844,7657.471342900085,108.25,4244.325917542772,0.0,112.62485843376966,0.3375694610201908,76,1623.600988559205,1689.7771766411297,0.502394289366528,7657.471342900085,1691.2332605142692,0.5070225967414146,0.48104273957255245,622.2386104840691,108.25,2.538792220265671,1.1007750545166817,1794.7133464737863,0.4833629708975898,625.4482855302037
77,11.876837766322915,1.0,0.0,0.0,0.0,0.29164631188029544,0.2528986385653256,0.3960823670232199,0.40883444777354155,6660.964168221758,120.0,3330.482084110879,0.0,109.26690745017082,0.7719737941868213,77,1623.1085075283659,1566.9670794686417,0.26555412784493027,6660.964168221758,1568.1520208076895,0.26524391007696596,0.4158018056670514,661.5429836879687,120.0,2.4499227476426513,1.2282011769686692,1620.6127639064175,0.29055824869618535,592.9607393278882
78,11.759951954623379,1.0,0.0,0.0,0.0,0.2696019844217317,0.17975451383526253,0.46248804585604625,0.521544251858447,6857.79524210006,120.0,3428.89762105003,0.0,108.19155798253509,0.8673431883199082,78,1620.2392994896043,1581.4275989816044,0.25885559508342443,6857.79524210006,1587.2476949685156,0.254588955585551,0.5073127838851017,635.7333278295381,120.0,2.454003596416811,1.5460485714156342,1659.910482487559,0.2687244063288546,589.0500296135995
79,11.484384459509148,1.0,0.0,0.0,0.0,0.4063055237573866,0.22247736709609978,0.3354839632535469,0.3883553633562874,6505.62935462657,120.0,3252.814677313285,0.0,105.65633702748416,0.3364916553389719,79,1625.1417554673599,1570.937743169998,0.3634094286209941,6505.62935462657,1568.6835571502884,0.35623697729008097,0.39041700799779494,674.2877415688733,120.0,2.380625722186617,1.1118381079120552,1612.5116757853734,0.4018892564125356,607.7550922996954
80,11.711723557446561,1.0,0.0,0.0,0.0,0.3371618342344822,0.1971134086672778,0.24924866648219968,0.38206069777013596,7244.466114394438,110.91666666666667,3918.8697237896286,0.0,107.74785672850837,0.8317483322222557,80,1618.1212803670671,1663.8001763473594,0.3202243408284707,7244.466114394438,1670.2997090412573,0.3258832380631858,0.4083420780424964,623.1687136317521,110.91666666666667,2.4066777903710523,1.6755027730126195,1759.7044521102594,0.3335827384120107,618.5608118562599
81,11.684985696764896,1.0,0.0,0.0,0.0,0.24653888018486136,0.19333459757065236,0.2502432228762741,0.5349660706934096,7327.980843494993,101.41666666666667,4335.370753752173,0.0,107.50186841023705,0.3885602495832074,81,1608.5632765820571,1695.4900421902719,0.28184124949184863,7327.980843494993,1693.9658963975235,0.2805151515693138,0.4082688059195327,628.0073466830272,101.41666666666667,2.4161179545549483,1.541247149085101,1783.4427900819414,0.2457538626906774,627.1292611273491
82,12.13358467594783,1.0,0.0,0.0,0.0,0.3564905210553345,0.22590736435271,0.34602687579048164,0.48673507870606286,5976.215095733223,120.0,2988.1075478666116,0.0,111.62897901872005,0.7547051974227401,82,1612.7415342845704,1507.6991483436823,0.41806023175435136,5976.215095733223,1511.9016165152839,0.4212962736555577,0.5384856069439182,1038.501425990696,120.0,2.487201177115795,0.819292956062666,1543.5250967188708,0.3524953375452734,749.3331805650738
83,11.49577438121176,1.0,0.0,0.0,0.0,0.41407486945325517,0.20996505310865882,0.2759379410798537,0.48768599125274537,6394.404315828705,120.0,3197.2021579143525,0.0,105.76112430714821,0.8799773870082755,83,1627.1155527894696,1553.0317043148139,0.37908914492515294,6394.404315828705,1555.0990361771755,0.37939775162548,0.5366396781943812,702.0476493788532,120.0,2.40444634161099,1.0118389738131606,1604.4281988693256,0.41022149282808623,607.1889309250419
84,12.07620767032395,1.0,0.0,0.0,0.0,0.2649022940352222,0.22116994241696677,0.2983719384596762,0.4678896005021604,6411.574329482687,120.0,3205.7871647413435,0.0,111.10111056698034,0.5417614298079013,84,1624.697849540741,1537.7745026116208,0.25504424379348584,6411.574329482687,1537.0621525502766,0.25970969988340437,0.4340884030229794,769.9338544203604,120.0,2.4235158909665726,1.0050322126498654,1581.2403999727908,0.2634917429218978,631.8679211629742
85,12.069360925617971,1.0,0.0,0.0,0.0,0.30461261555016134,0.27103631179622223,0.27173744294459495,0.3103939167879591,6589.577514838156,120.0,3294.788757419078,0.0,111.03812051568534,0.43520733071144496,85,1616.497263038646,1551.787896826728,0.3015277530271819,6589.577514838156,1555.483480685135,0.29677510404052687,0.40173242022170574,698.3195743704309,120.0,2.4392058478714107,0.9787146799766241,1599.3898845365911,0.3028296374585565,608.8950746409337
86,12.091108399381513,1.0,0.0,0.0,0.0,0.31649007989536604,0.2164937092890797,0.39550342575596287,0.44212555655948566,7067.38602395456,120.0,3533.69301197728,0.0,111.23819727430994,0.38301878103116294,86,1618.5600100561703,1598.2929999270768,0.3212813972324061,7067.38602395456,1602.9797350982303,0.32704802868264693,0.4641115877410163,625.8978066124827,120.0,2.401384509134285,1.3327685859338165,1666.369074135353,0.31459727883487776,589.1348456692683
87,11.627554559928814,1.0,0.0,0.0,0.0,0.4809460343151546,0.3103819146434203,0.6170122526910768,0.46678538083366783,7333.835114829599,119.41666666666667,3684.8299251062886,0.0,106.9735019513451,0.415541860325818,87,1612.8086914828575,1668.1742061306998,0.42671707342566256,7333.835114829599,1667.4824269167175,0.4276556308646887,0.3976992977020049,630.5256293220544,119.41666666666667,2.4683484949003485,1.416923431117568,1767.8922946561806,0.4734696185168367,630.7479726115916
88,11.89489997537772,1.0,0.0,0.0,0.0,0.4108371051344977,0.1870656729551051,0.34380776881166986,0.47941653190365907,6993.723376594772,120.0,3496.861688297386,0.0,109.43307977347504,0.6306498587804705,88,1618.5629675904256,1594.4264568709275,0.392341030752751,6993.723376594772,1592.8836945509797,0.3940630645688181,0.44328103018913523,625.1836647893741,120.0,2.478946212333839,1.3886859689755033,1670.6265978391525,0.4061050131520487,590.899343743513
89,12.282852017934934,1.0,0.0,0.0,0.0,0.3720419709376419,0.23137778513693147,0.3766290877519709,0.4786483378766355,6829.741172832041,120.0,3414.8705864160206,0.0,113.00223856500139,0.7945142014781388,89,1618.689003983533,1575.7831624536555,0.3436054983931755,6829.741172832041,1575.116918221293,0.3458451206754225,0.46000752288166796,650.3022944960879,120.0,2.446396297882724,1.1156497192453858,1623.7389887078884,0.369533099557095,586.604699822191
90,12.298224209733633,1.0,0.0,0.0,0.0,0.3250636504834362,0.27480677932039926,0.5184454287750095,0.47210606641544633,7681.550771977513,116.08333333333333,3970.3636438074727,0.0,113.14366272954943,0.5615453756123336,90,1625.2011485082912,1691.3619473514152,0.3352413469613953,7681.550771977513,1690.9785401950421,0.32857068175400916,0.5210453293502539,618.8765081896861,116.08333333333333,2.4767735406855,1.6554371931558858,1792.0448765700799,0.32184308067949924,624.6392803242186
